{"SNR":21.233224868774414,"loss":0.013864757493138313,"_step":49,"PSNR":27.348928451538086,"embedding_loss":3.900839146808721e-06,"_wandb":{"runtime":317},"_timestamp":1.7475682152754056e+09,"_runtime":317.070842633,"MSE":0.0018412260105833411,"perplexity":1,"PD":0.04209088906645775}