{"cross_entropy_loss":0,"PSNR":1.159839391708374,"_step":2,"SNR":1.1598389148712158,"PD":0.875,"_wandb":{"runtime":47},"_runtime":38.512812491,"MSE":0.765625,"_timestamp":1.747517948848213e+09}