{"MSE":0.016591133549809456,"_timestamp":1.7475183366446362e+09,"_runtime":145.932972269,"SNR":11.830339431762695,"PD":0.1004256159067154,"PSNR":17.801239013671875,"cross_entropy_loss":0,"_wandb":{"runtime":152},"_step":8}