{"_wandb":{"runtime":5},"SNR":1.1598389148712158,"PSNR":1.159839391708374,"PD":0.875,"cross_entropy_loss":0,"_timestamp":1.747517045092573e+09,"_runtime":4.361772601,"_step":10}