{"_timestamp":1.7475175603521364e+09,"PD":0.875,"_step":1,"PSNR":1.159839391708374,"SNR":1.1598389148712158,"MSE":0.765625,"cross_entropy_loss":0,"_runtime":26.858100632,"_wandb":{"runtime":39}}