{"_runtime":37.21444423,"_wandb":{"runtime":38},"_step":169,"loss":7.951030944752802e-09,"_timestamp":1.747513706745802e+09}