{"perplexity":1,"MSE":0.001069162623025477,"loss":0.0007172091864049435,"embedding_loss":0,"_wandb":{"runtime":339},"PSNR":29.709564208984375,"SNR":23.701526641845703,"PD":0.03258562833070755,"_runtime":339.136058326,"_timestamp":1.7475217688748982e+09,"_step":49}