{"PSNR":1.159839391708374,"cross_entropy_loss":0,"_timestamp":1.7475170138719268e+09,"_wandb":{"runtime":6},"_runtime":5.808608205,"_step":19,"SNR":1.1598389148712158}