{"_step":49,"SNR":14.80375862121582,"PSNR":20.636568069458008,"perplexity":1,"PD":0.07321283966302872,"_timestamp":1.7475229030223253e+09,"embedding_loss":0.0031310596968978643,"loss":0.5252315402030945,"_runtime":271.98820207,"MSE":0.008636608719825745,"_wandb":{"runtime":271}}