{"_step":40,"_wandb":{"runtime":287},"SNR":1.1598389148712158,"PSNR":1.159839391708374,"PD":0.875,"cross_entropy_loss":0,"_timestamp":1.747517420911852e+09,"_runtime":282.40601223}