{"embedding_loss":0.0007602484547533095,"PSNR":38.856590270996094,"MSE":0.00013011899136472493,"_runtime":1261.509574935,"SNR":33.5096549987793,"_timestamp":1.7475704406091852e+09,"PD":0.00926731526851654,"_wandb":{"runtime":1261},"loss":0.008148242719471455,"perplexity":2.677476406097412,"_step":49}