{"PD":0.1318250298500061,"PSNR":15.444398880004883,"SNR":9.674905776977539,"MSE":0.028546974062919617,"_step":49,"_runtime":296.254654063,"_timestamp":1.747518755776225e+09,"_wandb":{"runtime":296},"cross_entropy_loss":0}